CustomerID,Frequency,Monetary,Recency,labels
12747,96.0,3837.45,3.0,7.389
12748,4051.0,30301.4,1.0,7.389
12749,199.0,4090.88,4.0,7.389
12820,59.0,942.34,4.0,7.389
12826,82.0,1319.72,3.0,7.389
12828,56.0,1018.71,3.0,7.389
12839,292.0,5188.81,3.0,7.389
12841,373.0,3516.36,5.0,7.389
12856,314.0,2179.93,8.0,7.389
12867,538.0,4036.82,27.0,7.389
12877,154.0,1535.77,4.0,7.389
12901,116.0,17654.54,9.0,7.389
12906,63.0,2919.81,12.0,7.389
12910,75.0,3075.04,24.0,7.389
12912,24.0,1662.3,3.0,7.389
12913,46.0,2066.01,5.0,7.389
12919,50.0,1335.19,9.0,7.389
12921,685.0,15899.29,10.0,7.389
12925,45.0,694.05,5.0,7.389
12931,82.0,42055.96,22.0,7.389
12935,129.0,2160.7,3.0,7.389
12937,120.0,1504.27,16.0,7.389
12948,116.0,2064.95,17.0,7.389
12949,215.0,4167.22,31.0,7.389
12950,23.0,1843.0,3.0,7.389
12951,63.0,1064.07,9.0,7.389
12952,79.0,1387.79,6.0,7.389
12955,180.0,4757.16,2.0,7.389
12957,238.0,4017.54,10.0,7.389
12963,79.0,1490.83,9.0,7.389
12970,151.0,452.24,8.0,7.389
12971,287.0,10921.72,4.0,7.389
12985,76.0,1239.38,1.0,7.389
12989,63.0,6721.61,4.0,7.389
12994,61.0,974.42,5.0,7.389
13001,339.0,9818.82,5.0,7.389
13004,404.0,5655.91,12.0,7.389
13012,89.0,1661.84,10.0,7.389
13013,152.0,3282.6,2.0,7.389
13014,109.0,3466.28,11.0,7.389
13018,458.0,7277.7,17.0,7.389
13021,131.0,2616.38,5.0,7.389
13026,40.0,975.36,2.0,7.389
13047,155.0,2870.91,32.0,7.389
13048,136.0,1835.91,15.0,7.389
13050,385.0,5508.85,15.0,7.389
13069,382.0,4103.62,1.0,7.389
13077,98.0,415.55,2.0,7.389
13078,348.0,12113.55,4.0,7.389
13081,950.0,25970.6,12.0,7.389
13089,1777.0,55595.21,3.0,7.389
13090,147.0,7902.42,9.0,7.389
13097,423.0,6010.42,33.0,7.389
13098,572.0,28882.44,2.0,7.389
13102,293.0,6107.27,2.0,7.389
13104,20.0,1098.48,4.0,7.389
13113,190.0,11872.99,1.0,7.389
13115,120.0,2294.78,12.0,7.389
13126,127.0,1876.2,5.0,7.389
13137,704.0,3650.41,11.0,7.389
13139,170.0,5064.94,17.0,7.389
13148,301.0,3397.72,30.0,7.389
13149,86.0,1676.06,15.0,7.389
13159,121.0,1437.85,9.0,7.389
13174,145.0,1401.06,17.0,7.389
13178,265.0,5725.47,27.0,7.389
13183,94.0,3957.78,8.0,7.389
13184,181.0,1701.29,15.0,7.389
13196,110.0,1797.78,12.0,7.389
13198,226.0,3401.24,11.0,7.389
13199,115.0,9348.44,4.0,7.389
13209,321.0,5891.61,31.0,7.389
13211,56.0,1197.42,11.0,7.389
13225,32.0,6463.84,4.0,7.389
13230,598.0,2713.52,5.0,7.389
13232,207.0,1357.6,13.0,7.389
13246,141.0,1987.3,19.0,7.389
13263,1677.0,7454.07,2.0,7.389
13266,187.0,3834.26,12.0,7.389
13267,196.0,4193.04,3.0,7.389
13268,440.0,3214.69,18.0,7.389
13269,304.0,4994.8,2.0,7.389
13285,187.0,2709.12,24.0,7.389
13297,59.0,2089.85,8.0,7.389
13305,76.0,1864.66,5.0,7.389
13309,107.0,1456.79,8.0,7.389
13314,62.0,775.94,2.0,7.389
13316,87.0,5977.73,38.0,7.389
13318,20.0,640.76,2.0,7.389
13319,444.0,10086.27,6.0,7.389
13323,21.0,787.85,4.0,7.389
13324,75.0,7121.95,37.0,7.389
13340,134.0,10736.48,46.0,7.389
13362,166.0,3090.74,10.0,7.389
13381,172.0,3639.31,32.0,7.389
13384,152.0,4151.93,31.0,7.389
13394,155.0,2520.02,2.0,7.389
13408,464.0,26558.36,2.0,7.389
13418,271.0,5135.09,12.0,7.389
13426,157.0,3641.32,1.0,7.389
13429,67.0,1006.8,11.0,7.389
13435,101.0,3809.89,6.0,7.389
13437,167.0,3408.06,15.0,7.389
13448,161.0,2709.83,17.0,7.389
13451,443.0,2976.15,27.0,7.389
13458,382.0,9646.57,8.0,7.389
13467,99.0,1083.71,11.0,7.389
13468,268.0,5122.74,2.0,7.389
13471,260.0,2531.58,2.0,7.389
13488,377.0,7586.39,18.0,7.389
13495,34.0,1533.92,8.0,7.389
13507,162.0,2479.16,4.0,7.389
13510,115.0,1791.56,2.0,7.389
13521,436.0,1093.65,2.0,7.389
13523,142.0,3397.93,34.0,7.389
13527,223.0,2287.51,34.0,7.389
13534,296.0,5870.08,3.0,7.389
13536,179.0,3448.29,2.0,7.389
13558,175.0,605.06,6.0,7.389
13571,341.0,2092.32,13.0,7.389
13576,115.0,6368.19,11.0,7.389
13588,174.0,2478.95,16.0,7.389
13590,87.0,1981.92,12.0,7.389
13596,166.0,697.04,6.0,7.389
13599,230.0,4800.83,2.0,7.389
13610,226.0,1131.88,13.0,7.389
13614,201.0,1610.46,25.0,7.389
13629,59.0,7792.36,24.0,7.389
13630,71.0,2031.78,6.0,7.389
13632,146.0,2121.27,25.0,7.389
13644,146.0,2624.26,17.0,7.389
13647,79.0,1678.12,10.0,7.389
13650,96.0,1836.34,17.0,7.389
13658,108.0,2639.17,10.0,7.389
13668,470.0,6363.59,3.0,7.389
13680,195.0,3722.42,2.0,7.389
13685,39.0,3119.44,3.0,7.389
13694,562.0,64197.5,4.0,7.389
13700,197.0,2265.12,27.0,7.389
13704,134.0,2308.06,6.0,7.389
13709,336.0,6328.05,4.0,7.389
13735,196.0,2885.24,25.0,7.389
13736,191.0,731.9,6.0,7.389
13742,321.0,3131.02,17.0,7.389
13743,41.0,1341.6,3.0,7.389
13755,342.0,2161.35,4.0,7.389
13756,140.0,4656.72,3.0,7.389
13758,93.0,2471.7,12.0,7.389
13767,329.0,15396.8,3.0,7.389
13769,125.0,2474.21,3.0,7.389
13777,162.0,19137.0,1.0,7.389
13782,115.0,912.0,13.0,7.389
13784,31.0,2462.79,10.0,7.389
13798,310.0,32983.19,2.0,7.389
13804,137.0,2635.79,31.0,7.389
13808,76.0,1747.66,6.0,7.389
13822,96.0,632.0,6.0,7.389
13831,72.0,1794.99,17.0,7.389
13838,122.0,453.62,6.0,7.389
13854,107.0,7800.12,9.0,7.389
13860,76.0,1245.9,2.0,7.389
13862,139.0,2209.36,19.0,7.389
13868,33.0,3192.54,8.0,7.389
13870,115.0,2770.94,3.0,7.389
13871,336.0,6403.25,23.0,7.389
13880,159.0,3121.97,22.0,7.389
13881,178.0,17159.52,4.0,7.389
13882,65.0,1191.13,3.0,7.389
13883,142.0,2674.48,11.0,7.389
13884,59.0,787.6,8.0,7.389
13890,110.0,1883.81,2.0,7.389
13895,118.0,2593.07,29.0,7.389
13924,117.0,1838.85,2.0,7.389
13949,160.0,2427.32,3.0,7.389
13953,20.0,3515.68,8.0,7.389
13954,25.0,439.92,2.0,7.389
13956,152.0,1026.42,6.0,7.389
13969,601.0,8736.35,8.0,7.389
13971,149.0,2758.26,19.0,7.389
13975,338.0,2526.28,32.0,7.389
13985,349.0,7060.13,5.0,7.389
13988,234.0,4147.96,20.0,7.389
13994,155.0,2313.14,4.0,7.389
13995,86.0,1393.69,16.0,7.389
13999,208.0,3901.81,11.0,7.389
14004,171.0,4582.64,44.0,7.389
14005,84.0,2874.72,10.0,7.389
14030,216.0,1683.59,19.0,7.389
14031,222.0,15386.79,8.0,7.389
14032,129.0,2671.73,3.0,7.389
14040,235.0,3614.92,41.0,7.389
14049,488.0,5681.72,17.0,7.389
14051,196.0,14986.97,1.0,7.389
14056,1106.0,8214.65,2.0,7.389
14057,284.0,6217.96,24.0,7.389
14060,190.0,5519.58,5.0,7.389
14062,90.0,9498.23,10.0,7.389
14071,324.0,1438.82,4.0,7.389
14075,43.0,942.26,5.0,7.389
14083,115.0,708.89,5.0,7.389
14085,438.0,4140.49,3.0,7.389
14087,69.0,194.42,3.0,7.389
14088,589.0,50491.81,11.0,7.389
14092,214.0,4076.91,8.0,7.389
14096,5111.0,65164.79,5.0,7.389
14099,250.0,3104.17,17.0,7.389
14102,79.0,1360.28,6.0,7.389
14110,155.0,5683.15,4.0,7.389
14112,160.0,2915.15,23.0,7.389
14113,34.0,1840.42,4.0,7.389
14121,159.0,2780.15,4.0,7.389
14125,167.0,2740.43,11.0,7.389
14129,52.0,1123.86,2.0,7.389
14132,200.0,3586.03,3.0,7.389
14135,97.0,3886.06,2.0,7.389
14138,47.0,982.38,2.0,7.389
14140,66.0,935.05,4.0,7.389
14141,40.0,915.13,3.0,7.389
14146,210.0,4191.0,9.0,7.389
14159,1204.0,4693.01,20.0,7.389
14178,327.0,1620.93,9.0,7.389
14180,228.0,4546.77,11.0,7.389
14189,256.0,4342.84,3.0,7.389
14191,259.0,4684.76,2.0,7.389
14194,579.0,11349.52,5.0,7.389
14209,87.0,2073.43,11.0,7.389
14215,102.0,1623.72,12.0,7.389
14216,59.0,1839.3,4.0,7.389
14217,93.0,1886.68,2.0,7.389
14221,193.0,3432.8,43.0,7.389
14227,175.0,3350.96,27.0,7.389
14243,133.0,2375.47,9.0,7.389
14250,111.0,1904.05,8.0,7.389
14251,78.0,2879.7,2.0,7.389
14258,111.0,12669.98,10.0,7.389
14262,143.0,2618.23,9.0,7.389
14282,143.0,3158.34,4.0,7.389
14286,280.0,4628.75,24.0,7.389
14290,101.0,2314.65,12.0,7.389
14291,237.0,3883.25,2.0,7.389
14292,100.0,4871.93,8.0,7.389
14293,46.0,681.64,4.0,7.389
14298,1637.0,51527.3,9.0,7.389
14299,138.0,3536.38,9.0,7.389
14309,117.0,2352.53,9.0,7.389
14321,123.0,1530.75,11.0,7.389
14329,259.0,5014.84,18.0,7.389
14334,162.0,2552.21,17.0,7.389
14336,90.0,1614.91,17.0,7.389
14367,524.0,9261.52,9.0,7.389
14388,165.0,2900.04,11.0,7.389
14390,259.0,4429.12,11.0,7.389
14395,323.0,3199.03,3.0,7.389
14397,87.0,2612.96,3.0,7.389
14401,182.0,4051.48,5.0,7.389
14408,107.0,2606.53,11.0,7.389
14415,590.0,5900.28,2.0,7.389
14418,124.0,1937.25,4.0,7.389
14419,185.0,933.96,11.0,7.389
14422,222.0,4263.64,1.0,7.389
14426,224.0,4481.67,24.0,7.389
14428,144.0,1244.83,8.0,7.389
14432,382.0,2255.51,10.0,7.389
14440,42.0,1700.98,9.0,7.389
14441,51.0,1712.89,1.0,7.389
14446,293.0,1039.58,1.0,7.389
14456,970.0,3062.4,6.0,7.389
14482,144.0,2068.15,19.0,7.389
14493,120.0,2383.24,8.0,7.389
14502,624.0,2470.67,20.0,7.389
14503,164.0,3543.26,4.0,7.389
14505,799.0,5905.64,18.0,7.389
14506,266.0,1742.47,18.0,7.389
14511,68.0,1314.81,12.0,7.389
14515,101.0,2102.09,18.0,7.389
14524,203.0,1867.68,32.0,7.389
14525,291.0,4332.2,20.0,7.389
14527,915.0,7991.49,3.0,7.389
14530,216.0,2925.91,26.0,7.389
14534,519.0,4447.05,3.0,7.389
14535,330.0,2864.19,61.0,7.389
14540,76.0,996.26,10.0,7.389
14544,114.0,2024.45,25.0,7.389
14546,399.0,2578.09,6.0,7.389
14547,366.0,4007.54,4.0,7.389
14554,216.0,2381.04,11.0,7.389
14560,74.0,2237.77,8.0,7.389
14562,423.0,5074.77,4.0,7.389
14572,270.0,2832.84,4.0,7.389
14577,123.0,859.71,13.0,7.389
14583,330.0,1052.55,6.0,7.389
14587,383.0,1601.14,19.0,7.389
14591,197.0,1447.14,16.0,7.389
14595,102.0,1740.6,20.0,7.389
14606,2580.0,11549.77,2.0,7.389
14607,86.0,16569.5,16.0,7.389
14608,20.0,1785.15,5.0,7.389
14621,92.0,1788.36,2.0,7.389
14626,122.0,2791.27,24.0,7.389
14629,152.0,959.01,5.0,7.389
14640,106.0,2125.08,25.0,7.389
14649,199.0,1417.29,5.0,7.389
14653,237.0,1947.55,2.0,7.389
14655,49.0,1932.23,9.0,7.389
14659,253.0,2529.93,9.0,7.389
14667,443.0,7555.5,11.0,7.389
14673,59.0,1362.91,4.0,7.389
14680,244.0,27073.23,26.0,7.389
14684,421.0,1236.28,26.0,7.389
14688,308.0,5185.89,8.0,7.389
14696,112.0,1784.33,5.0,7.389
14698,210.0,1250.76,2.0,7.389
14701,335.0,2549.37,11.0,7.389
14702,317.0,2973.44,2.0,7.389
14704,415.0,1546.91,12.0,7.389
14708,16.0,707.31,3.0,7.389
14709,196.0,4921.04,16.0,7.389
14711,357.0,2868.8,11.0,7.389
14713,314.0,2367.41,10.0,7.389
14719,237.0,1602.13,2.0,7.389
14723,235.0,907.36,11.0,7.389
14730,501.0,2005.06,2.0,7.389
14732,147.0,2702.49,9.0,7.389
14733,174.0,7755.89,17.0,7.389
14735,194.0,6065.69,4.0,7.389
14737,17.0,1164.55,4.0,7.389
14739,48.0,3188.4,5.0,7.389
14755,235.0,5010.28,10.0,7.389
14759,102.0,1625.97,5.0,7.389
14766,129.0,2292.97,9.0,7.389
14769,1090.0,10674.75,3.0,7.389
14794,80.0,1319.91,3.0,7.389
14796,1091.0,7351.28,2.0,7.389
14800,334.0,3783.9,48.0,7.389
14808,235.0,2741.17,40.0,7.389
14825,111.0,2042.81,4.0,7.389
14849,371.0,7574.7,22.0,7.389
14859,58.0,1353.74,13.0,7.389
14866,98.0,14286.22,11.0,7.389
14868,144.0,2953.59,4.0,7.389
14869,71.0,725.7,9.0,7.389
14871,98.0,522.38,4.0,7.389
14878,124.0,1485.54,13.0,7.389
14893,73.0,1237.85,10.0,7.389
14895,498.0,11138.71,8.0,7.389
14897,55.0,1366.38,8.0,7.389
14903,355.0,2810.63,22.0,7.389
14904,69.0,1025.44,3.0,7.389
14907,137.0,2883.03,4.0,7.389
14910,30.0,434.35,3.0,7.389
14944,170.0,5900.25,30.0,7.389
14952,131.0,7413.33,60.0,7.389
14961,312.0,7044.68,11.0,7.389
14963,198.0,1487.8,10.0,7.389
15005,1091.0,6094.07,16.0,7.389
15009,182.0,1261.78,13.0,7.389
15021,419.0,1709.18,9.0,7.389
15022,135.0,905.04,12.0,7.389
15023,525.0,6342.16,4.0,7.389
15024,107.0,1170.11,10.0,7.389
15031,111.0,668.14,5.0,7.389
15033,510.0,2586.67,5.0,7.389
15034,394.0,4308.61,16.0,7.389
15039,1446.0,19302.93,10.0,7.389
15044,453.0,7700.23,20.0,7.389
15046,206.0,5213.77,10.0,7.389
15053,71.0,697.79,5.0,7.389
15058,276.0,2124.99,26.0,7.389
15061,294.0,37189.36,4.0,7.389
15065,155.0,3158.13,38.0,7.389
15073,54.0,1043.41,10.0,7.389
15078,418.0,9267.96,8.0,7.389
15089,145.0,2420.84,11.0,7.389
15093,92.0,3973.29,19.0,7.389
15105,101.0,2298.93,19.0,7.389
15106,100.0,1422.52,18.0,7.389
15113,100.0,3609.33,10.0,7.389
15114,197.0,2760.56,31.0,7.389
15117,79.0,1551.78,15.0,7.389
15123,106.0,2199.31,8.0,7.389
15125,127.0,11528.48,26.0,7.389
15134,73.0,1387.99,15.0,7.389
15136,68.0,1286.7,3.0,7.389
15144,217.0,6580.44,9.0,7.389
15145,67.0,1194.73,5.0,7.389
15150,343.0,5314.47,18.0,7.389
15152,271.0,4745.69,10.0,7.389
15156,55.0,961.49,2.0,7.389
15157,125.0,1936.07,4.0,7.389
15159,710.0,18641.01,2.0,7.389
15172,110.0,1624.05,9.0,7.389
15179,93.0,2206.95,19.0,7.389
15187,91.0,4777.18,2.0,7.389
15189,212.0,16225.39,2.0,7.389
15194,294.0,7210.37,4.0,7.389
15203,142.0,1827.8,26.0,7.389
15208,42.0,870.12,2.0,7.389
15214,110.0,1661.44,2.0,7.389
15218,166.0,5756.89,11.0,7.389
15237,99.0,1412.32,2.0,7.389
15249,350.0,6688.46,32.0,7.389
15251,111.0,10484.99,10.0,7.389
15271,250.0,2395.32,8.0,7.389
15274,47.0,716.57,5.0,7.389
15290,204.0,7943.22,5.0,7.389
15291,101.0,4339.5,26.0,7.389
15296,194.0,3672.86,51.0,7.389
15298,175.0,4402.3,3.0,7.389
15301,209.0,4396.98,51.0,7.389
15311,2280.0,59143.83,1.0,7.389
15344,26.0,563.94,1.0,7.389
15351,174.0,1685.44,13.0,7.389
15356,466.0,2616.28,32.0,7.389
15358,510.0,7722.65,5.0,7.389
15365,114.0,2314.32,26.0,7.389
15373,121.0,2081.61,9.0,7.389
15380,35.0,1460.16,9.0,7.389
15382,302.0,5955.71,15.0,7.389
15392,84.0,1535.53,5.0,7.389
15394,85.0,2183.54,10.0,7.389
15399,50.0,815.77,2.0,7.389
15426,206.0,1035.97,20.0,7.389
15427,306.0,1483.14,34.0,7.389
15434,55.0,1041.48,9.0,7.389
15436,329.0,1122.53,13.0,7.389
15443,382.0,3236.91,2.0,7.389
15444,219.0,1418.26,10.0,7.389
15453,286.0,1388.37,2.0,7.389
15465,90.0,6818.87,20.0,7.389
15471,77.0,469.48,3.0,7.389
15482,98.0,11054.96,16.0,7.389
15484,188.0,3594.31,2.0,7.389
15493,297.0,2001.8,33.0,7.389
15498,484.0,12339.68,3.0,7.389
15500,68.0,1131.56,9.0,7.389
15502,185.0,9455.53,16.0,7.389
15511,160.0,909.23,12.0,7.389
15513,293.0,13444.72,34.0,7.389
15514,116.0,2561.27,13.0,7.389
15520,18.0,343.5,2.0,7.389
15521,185.0,3000.2,41.0,7.389
15525,121.0,511.99,3.0,7.389
15527,163.0,2429.78,19.0,7.389
15529,655.0,3673.77,23.0,7.389
15531,228.0,2007.44,9.0,7.389
15532,256.0,1580.93,26.0,7.389
15544,233.0,3192.17,10.0,7.389
15547,702.0,4954.84,8.0,7.389
15550,61.0,575.63,5.0,7.389
15555,830.0,3986.39,13.0,7.389
15568,53.0,758.29,3.0,7.389
15570,279.0,3647.87,8.0,7.389
15572,215.0,2552.86,5.0,7.389
15594,103.0,1771.78,16.0,7.389
15601,362.0,6008.18,12.0,7.389
15602,43.0,1205.32,9.0,7.389
15611,43.0,1591.45,10.0,7.389
15615,423.0,10399.74,11.0,7.389
15621,16.0,1293.03,5.0,7.389
15622,185.0,3709.56,44.0,7.389
15628,136.0,2551.06,5.0,7.389
15632,167.0,3285.31,16.0,7.389
15640,477.0,12181.94,5.0,7.389
15671,78.0,2657.13,19.0,7.389
15676,202.0,3435.76,19.0,7.389
15687,166.0,2993.1,9.0,7.389
15694,66.0,5647.07,1.0,7.389
15696,171.0,2736.46,34.0,7.389
15701,237.0,1542.14,3.0,7.389
15708,246.0,3013.56,41.0,7.389
15712,53.0,1072.36,10.0,7.389
15719,937.0,5045.61,33.0,7.389
15727,302.0,5178.96,17.0,7.389
15738,159.0,4482.77,19.0,7.389
15747,93.0,974.04,13.0,7.389
15750,274.0,2124.96,3.0,7.389
15752,397.0,2377.73,40.0,7.389
15755,141.0,2364.25,11.0,7.389
15769,129.0,56160.92,8.0,7.389
15782,43.0,2614.74,10.0,7.389
15786,267.0,4932.2,47.0,7.389
15796,133.0,2711.56,2.0,7.389
15804,262.0,4206.39,1.0,7.389
15805,290.0,5157.68,24.0,7.389
15811,117.0,1928.77,23.0,7.389
15814,72.0,1945.33,17.0,7.389
15822,33.0,885.47,4.0,7.389
15838,164.0,32685.58,12.0,7.389
15845,138.0,3711.77,18.0,7.389
15854,140.0,2974.65,5.0,7.389
15856,615.0,14816.25,5.0,7.389
15858,147.0,1054.92,16.0,7.389
15861,546.0,3165.36,13.0,7.389
15867,432.0,3699.74,6.0,7.389
15877,129.0,493.28,2.0,7.389
15883,49.0,396.48,3.0,7.389
15898,22.0,867.19,2.0,7.389
15903,74.0,5126.76,10.0,7.389
15906,150.0,1567.69,20.0,7.389
15907,249.0,967.45,4.0,7.389
15910,267.0,1232.18,1.0,7.389
15916,142.0,1295.64,17.0,7.389
15932,115.0,2495.87,5.0,7.389
15948,60.0,955.24,9.0,7.389
15953,82.0,1449.54,16.0,7.389
15955,163.0,3843.88,25.0,7.389
15969,20.0,666.1,3.0,7.389
15971,35.0,4199.85,18.0,7.389
15974,176.0,3442.15,40.0,7.389
15981,97.0,3408.48,25.0,7.389
15984,265.0,2714.97,3.0,7.389
15987,131.0,1337.8,13.0,7.389
15993,552.0,2797.57,9.0,7.389
15998,506.0,3089.97,37.0,7.389
16000,9.0,12393.7,3.0,7.389
16003,103.0,2735.37,30.0,7.389
16005,218.0,615.39,13.0,7.389
16007,385.0,1701.94,48.0,7.389
16011,190.0,3124.76,9.0,7.389
16013,136.0,36068.6,4.0,7.389
16015,182.0,705.39,4.0,7.389
16016,166.0,1126.49,4.0,7.389
16019,152.0,3567.14,47.0,7.389
16029,230.0,76753.32,39.0,7.389
16033,1111.0,8660.76,6.0,7.389
16057,121.0,2263.12,17.0,7.389
16066,102.0,1521.87,17.0,7.389
16076,129.0,2234.73,4.0,7.389
16103,48.0,1429.64,8.0,7.389
16115,284.0,1667.97,10.0,7.389
16126,117.0,6287.77,30.0,7.389
16128,89.0,1880.22,18.0,7.389
16133,338.0,14589.04,4.0,7.389
16143,101.0,2069.19,4.0,7.389
16145,224.0,3799.49,9.0,7.389
16156,130.0,3122.04,9.0,7.389
16161,459.0,5411.36,2.0,7.389
16168,95.0,3511.8,11.0,7.389
16169,85.0,1822.97,9.0,7.389
16173,84.0,1418.32,16.0,7.389
16180,162.0,10254.18,101.0,7.389
16186,198.0,3699.26,23.0,7.389
16187,295.0,6911.44,32.0,7.389
16191,134.0,5180.52,3.0,7.389
16200,179.0,1080.62,5.0,7.389
16201,111.0,1863.47,4.0,7.389
16210,98.0,16347.76,2.0,7.389
16240,135.0,3718.8,25.0,7.389
16241,648.0,2330.22,10.0,7.389
16242,294.0,3603.21,9.0,7.389
16255,244.0,2245.66,17.0,7.389
16258,135.0,5203.51,46.0,7.389
16265,220.0,4606.19,10.0,7.389
16271,133.0,1429.24,3.0,7.389
16283,166.0,1570.81,6.0,7.389
16293,102.0,1870.24,22.0,7.389
16295,79.0,1328.55,10.0,7.389
16303,162.0,5360.63,26.0,7.389
16322,37.0,326.75,2.0,7.389
16326,319.0,3110.96,6.0,7.389
16327,253.0,3308.62,15.0,7.389
16333,45.0,26626.8,8.0,7.389
16347,92.0,887.65,12.0,7.389
16348,235.0,1469.45,33.0,7.389
16353,93.0,6471.71,4.0,7.389
16358,109.0,2027.5,2.0,7.389
16359,66.0,1750.92,8.0,7.389
16360,662.0,3512.53,5.0,7.389
16361,106.0,896.66,10.0,7.389
16368,76.0,497.43,3.0,7.389
16369,118.0,1553.66,19.0,7.389
16376,125.0,987.01,9.0,7.389
16379,108.0,2157.4,5.0,7.389
16393,320.0,2861.41,3.0,7.389
16401,186.0,4098.32,2.0,7.389
16407,172.0,2126.93,13.0,7.389
16409,232.0,2028.88,37.0,7.389
16422,356.0,33016.2,18.0,7.389
16426,372.0,1908.25,3.0,7.389
16438,132.0,798.35,6.0,7.389
16440,282.0,3640.67,8.0,7.389
16442,174.0,616.79,2.0,7.389
16446,3.0,168472.5,1.0,7.389
16458,202.0,3482.74,3.0,7.389
16464,236.0,1314.68,20.0,7.389
16474,360.0,1871.5,8.0,7.389
16495,97.0,684.41,4.0,7.389
16496,95.0,1599.52,9.0,7.389
16513,35.0,874.59,5.0,7.389
16523,290.0,9418.47,2.0,7.389
16525,174.0,12616.01,3.0,7.389
16533,177.0,1095.56,20.0,7.389
16539,24.0,946.46,3.0,7.389
16549,981.0,4154.64,11.0,7.389
16558,433.0,7769.09,1.0,7.389
16570,126.0,3738.4,16.0,7.389
16592,216.0,4113.68,5.0,7.389
16600,62.0,813.52,5.0,7.389
16607,172.0,3347.71,18.0,7.389
16609,276.0,5493.46,16.0,7.389
16626,179.0,4413.1,1.0,7.389
16633,152.0,2883.1,18.0,7.389
16642,34.0,688.33,5.0,7.389
16652,118.0,6773.97,59.0,7.389
16655,261.0,3794.52,18.0,7.389
16656,69.0,8197.04,23.0,7.389
16657,208.0,933.62,10.0,7.389
16669,160.0,1374.87,24.0,7.389
16670,252.0,4095.9,17.0,7.389
16672,114.0,8134.94,3.0,7.389
16678,163.0,3109.99,3.0,7.389
16682,30.0,1028.0,5.0,7.389
16684,277.0,66653.56,5.0,7.389
16686,585.0,3062.83,48.0,7.389
16688,62.0,1260.86,2.0,7.389
16700,294.0,4739.61,9.0,7.389
16701,144.0,5398.3,9.0,7.389
16705,270.0,14034.99,1.0,7.389
16710,344.0,2107.57,20.0,7.389
16711,22.0,1651.03,4.0,7.389
16712,447.0,3645.43,10.0,7.389
16713,564.0,6508.7,19.0,7.389
16717,184.0,3551.13,24.0,7.389
16719,157.0,1359.69,15.0,7.389
16722,184.0,3931.29,18.0,7.389
16726,185.0,1382.02,27.0,7.389
16729,660.0,7239.92,39.0,7.389
16743,191.0,2238.09,30.0,7.389
16744,242.0,1304.76,12.0,7.389
16745,357.0,7194.3,87.0,7.389
16746,449.0,6697.66,5.0,7.389
16764,706.0,2799.25,4.0,7.389
16767,222.0,5580.6,31.0,7.389
16771,255.0,2246.81,34.0,7.389
16775,140.0,1463.76,11.0,7.389
16779,324.0,10272.81,3.0,7.389
16782,140.0,1908.2,11.0,7.389
16790,93.0,1545.62,4.0,7.389
16791,320.0,1721.78,30.0,7.389
16794,285.0,1222.71,2.0,7.389
16800,164.0,1201.49,12.0,7.389
16813,449.0,1692.98,9.0,7.389
16814,309.0,6235.81,15.0,7.389
16817,76.0,1360.55,3.0,7.389
16818,188.0,3349.57,11.0,7.389
16833,47.0,1106.53,2.0,7.389
16837,165.0,3170.98,32.0,7.389
16839,261.0,16042.11,9.0,7.389
16843,378.0,10196.57,43.0,7.389
16871,137.0,2812.34,23.0,7.389
16873,211.0,4965.98,5.0,7.389
16877,159.0,853.72,13.0,7.389
16891,134.0,577.44,2.0,7.389
16892,99.0,525.54,2.0,7.389
16899,125.0,1281.56,8.0,7.389
16904,679.0,3415.57,5.0,7.389
16905,198.0,2848.03,6.0,7.389
16910,547.0,1510.06,5.0,7.389
16912,101.0,2575.38,29.0,7.389
16923,672.0,7247.61,13.0,7.389
16929,77.0,1295.39,4.0,7.389
16931,857.0,4452.17,6.0,7.389
16933,44.0,563.23,2.0,7.389
16938,241.0,2736.38,9.0,7.389
16940,305.0,3049.88,53.0,7.389
16942,281.0,1920.59,13.0,7.389
16945,249.0,4345.5,22.0,7.389
16949,60.0,1286.27,4.0,7.389
16954,54.0,2085.08,1.0,7.389
16966,28.0,2154.97,9.0,7.389
16979,89.0,1852.0,4.0,7.389
16983,139.0,1767.76,13.0,7.389
16984,407.0,4481.35,89.0,7.389
16985,120.0,5464.12,18.0,7.389
16987,129.0,1625.05,4.0,7.389
16992,93.0,1614.31,11.0,7.389
17001,169.0,3989.57,1.0,7.389
17006,44.0,781.78,5.0,7.389
17015,217.0,1842.56,29.0,7.389
17017,206.0,7160.64,3.0,7.389
17019,185.0,913.79,12.0,7.389
17042,98.0,1044.38,3.0,7.389
17049,318.0,5659.98,3.0,7.389
17059,399.0,2372.68,30.0,7.389
17068,272.0,4385.99,13.0,7.389
17069,132.0,2432.65,29.0,7.389
17071,140.0,2429.03,29.0,7.389
17073,174.0,1446.09,18.0,7.389
17084,162.0,2949.75,36.0,7.389
17086,96.0,2050.08,8.0,7.389
17090,63.0,2043.95,5.0,7.389
17091,182.0,3534.31,3.0,7.389
17101,42.0,1621.73,11.0,7.389
17107,418.0,10815.43,34.0,7.389
17114,127.0,808.62,6.0,7.389
17119,35.0,606.91,4.0,7.389
17131,134.0,2463.17,6.0,7.389
17133,27.0,4892.24,16.0,7.389
17139,478.0,10668.47,16.0,7.389
17144,48.0,984.57,2.0,7.389
17160,229.0,3518.03,32.0,7.389
17164,144.0,2467.35,33.0,7.389
17173,86.0,3766.6,6.0,7.389
17183,73.0,3347.31,8.0,7.389
17188,84.0,2474.23,12.0,7.389
17203,152.0,3563.85,36.0,7.389
17211,178.0,2043.92,27.0,7.389
17218,223.0,1668.18,5.0,7.389
17220,440.0,2880.75,25.0,7.389
17228,178.0,1550.14,16.0,7.389
17231,541.0,3174.32,13.0,7.389
17232,36.0,421.52,3.0,7.389
17236,105.0,916.13,13.0,7.389
17238,506.0,3374.56,3.0,7.389
17243,389.0,8419.95,2.0,7.389
17250,57.0,384.52,4.0,7.389
17254,112.0,272.44,5.0,7.389
17266,80.0,310.64,3.0,7.389
17288,142.0,1419.73,10.0,7.389
17290,102.0,525.24,4.0,7.389
17293,135.0,1875.11,9.0,7.389
17306,66.0,8631.31,11.0,7.389
17314,131.0,2527.92,25.0,7.389
17315,473.0,6292.26,2.0,7.389
17321,107.0,700.86,9.0,7.389
17323,200.0,921.07,16.0,7.389
17338,753.0,6643.93,18.0,7.389
17340,321.0,9682.02,30.0,7.389
17346,465.0,2529.95,4.0,7.389
17348,215.0,1159.52,15.0,7.389
17350,71.0,1286.07,9.0,7.389
17364,411.0,4481.18,1.0,7.389
17365,468.0,4801.56,13.0,7.389
17368,111.0,1912.67,24.0,7.389
17377,383.0,3512.62,24.0,7.389
17381,98.0,16671.89,9.0,7.389
17386,28.0,2686.42,8.0,7.389
17389,213.0,31833.68,1.0,7.389
17402,35.0,2173.88,5.0,7.389
17405,82.0,1031.41,2.0,7.389
17412,58.0,1060.76,3.0,7.389
17416,269.0,6893.42,30.0,7.389
17419,187.0,3852.3,12.0,7.389
17422,117.0,1979.37,17.0,7.389
17426,271.0,5037.26,9.0,7.389
17428,319.0,16903.85,1.0,7.389
17434,134.0,2373.82,3.0,7.389
17449,277.0,2520.86,3.0,7.389
17450,334.0,192521.95,9.0,7.389
17451,100.0,1721.4,2.0,7.389
17463,215.0,1896.41,17.0,7.389
17469,88.0,1870.97,17.0,7.389
17481,82.0,1255.59,4.0,7.389
17490,76.0,2092.32,1.0,7.389
17491,104.0,3231.47,2.0,7.389
17503,38.0,558.96,3.0,7.389
17509,366.0,6115.14,58.0,7.389
17511,920.0,87591.7,3.0,7.389
17512,105.0,2924.99,29.0,7.389
17522,73.0,1070.71,2.0,7.389
17528,253.0,3628.5,2.0,7.389
17530,329.0,2084.36,2.0,7.389
17554,88.0,1952.45,2.0,7.389
17566,152.0,901.21,9.0,7.389
17567,138.0,3813.53,8.0,7.389
17576,399.0,3503.03,9.0,7.389
17579,50.0,448.9,5.0,7.389
17581,402.0,10258.26,1.0,7.389
17584,35.0,1242.3,8.0,7.389
17590,201.0,1479.22,3.0,7.389
17593,213.0,3927.34,4.0,7.389
17596,210.0,2435.31,24.0,7.389
17602,560.0,5102.97,3.0,7.389
17611,576.0,3984.22,8.0,7.389
17613,312.0,4559.15,23.0,7.389
17618,78.0,971.58,6.0,7.389
17625,315.0,2047.0,19.0,7.389
17629,123.0,1814.12,6.0,7.389
17631,39.0,528.33,2.0,7.389
17634,297.0,2361.97,37.0,7.389
17644,157.0,2895.64,2.0,7.389
17651,232.0,3945.0,12.0,7.389
17652,259.0,4867.72,26.0,7.389
17655,82.0,1962.84,11.0,7.389
17659,146.0,2751.66,18.0,7.389
17668,15.0,347.75,2.0,7.389
17673,227.0,1629.12,2.0,7.389
17675,689.0,19355.16,2.0,7.389
17676,63.0,1086.98,5.0,7.389
17677,278.0,14746.63,2.0,7.389
17682,100.0,2082.83,11.0,7.389
17685,118.0,2739.01,17.0,7.389
17686,286.0,5739.46,8.0,7.389
17690,230.0,4070.05,31.0,7.389
17700,142.0,2534.64,17.0,7.389
17705,103.0,1823.52,4.0,7.389
17706,354.0,10026.66,5.0,7.389
17716,245.0,5655.99,23.0,7.389
17719,274.0,5396.04,38.0,7.389
17725,192.0,3439.08,17.0,7.389
17728,165.0,2876.01,4.0,7.389
17730,218.0,5298.48,4.0,7.389
17735,668.0,12655.42,3.0,7.389
17738,97.0,1879.05,20.0,7.389
17739,47.0,2791.35,12.0,7.389
17744,136.0,2322.4,4.0,7.389
17750,193.0,1797.57,6.0,7.389
17754,92.0,1772.26,1.0,7.389
17757,673.0,5154.84,2.0,7.389
17758,412.0,3456.7,20.0,7.389
17768,105.0,2273.18,9.0,7.389
17769,310.0,3997.98,13.0,7.389
17790,179.0,1836.7,27.0,7.389
17799,408.0,3055.93,23.0,7.389
17809,46.0,4160.41,17.0,7.389
17811,851.0,7837.73,5.0,7.389
17813,371.0,1770.88,15.0,7.389
17827,108.0,723.66,6.0,7.389
17830,23.0,398.7,2.0,7.389
17835,61.0,350.64,3.0,7.389
17841,7661.0,39450.01,2.0,7.389
17856,15.0,1418.03,2.0,7.389
17857,50.0,25543.84,5.0,7.389
17858,180.0,4904.41,6.0,7.389
17861,222.0,2100.8,4.0,7.389
17865,334.0,9769.87,31.0,7.389
17870,278.0,1567.95,3.0,7.389
17883,145.0,671.77,4.0,7.389
17884,53.0,392.83,4.0,7.389
17914,80.0,336.43,4.0,7.389
17920,601.0,3468.19,5.0,7.389
17924,29.0,2683.5,12.0,7.389
17936,77.0,389.84,6.0,7.389
17937,43.0,4301.22,9.0,7.389
17949,69.0,57196.48,2.0,7.389
17954,470.0,2204.04,6.0,7.389
17961,220.0,1168.89,22.0,7.389
17965,305.0,2465.77,38.0,7.389
17975,288.0,4174.71,16.0,7.389
18005,60.0,249.72,4.0,7.389
18041,362.0,3549.1,12.0,7.389
18044,127.0,2088.6,5.0,7.389
18055,313.0,5783.71,8.0,7.389
18065,116.0,2047.81,6.0,7.389
18069,470.0,2036.67,27.0,7.389
18075,142.0,2611.75,24.0,7.389
18077,208.0,2428.14,9.0,7.389
18092,79.0,7582.54,3.0,7.389
18096,213.0,911.15,12.0,7.389
18097,108.0,2697.8,8.0,7.389
18102,413.0,231822.69,1.0,7.389
18109,430.0,7775.52,2.0,7.389
18118,1128.0,5045.31,11.0,7.389
18122,364.0,1826.21,9.0,7.389
18139,159.0,8438.34,18.0,7.389
18144,40.0,2723.7,8.0,7.389
18145,221.0,2861.55,13.0,7.389
18161,80.0,1618.69,16.0,7.389
18172,189.0,7561.68,15.0,7.389
18179,90.0,1793.17,10.0,7.389
18180,119.0,1843.75,5.0,7.389
18188,71.0,2001.04,16.0,7.389
18198,159.0,5425.56,5.0,7.389
18210,134.0,2621.38,2.0,7.389
18219,101.0,1859.58,3.0,7.389
18223,272.0,6484.54,5.0,7.389
18225,269.0,5479.12,4.0,7.389
18226,242.0,5228.05,45.0,7.389
18229,154.0,6623.7,12.0,7.389
18230,86.0,2810.2,10.0,7.389
18237,61.0,987.1,3.0,7.389
18241,104.0,2073.09,10.0,7.389
18245,175.0,2567.06,8.0,7.389
18272,166.0,3078.58,3.0,7.389
18283,756.0,2094.88,4.0,7.389
